{
  "back_legroom": 25145505223459.0,
  "city_fuel_economy": 11516241713882.0,
  "daysonmarket": 2730013804383.7334,
  "engine_displacement": 34594682404432.0,
  "front_legroom": 16473056810400.0,
  "fuel_tank_volume": 47589413515572.0,
  "height": 28208337759138.0,
  "highway_fuel_economy": 22192531312282.0,
  "is_new": 8684799689478.0,
  "length": 19066120765256.0,
  "maximum_seating": 6936521941900.0,
  "mileage": 165521070448578.53,
  "savings_amount": 19204340419339.883,
  "wheelbase": 26471858702574.0,
  "width": 139549846251165.0,
  "year": 108034849283614.0,
  "torque": 238912598184.80762,
  "torque_rpm": 118219630203.19922,
  "horsepower": 536882543853600.0,
  "horsepower_rpm": 42117042999312.0,
  "body_type_Coupe": 277027390984.0,
  "body_type_Hatchback": 9390169352.0,
  "body_type_Minivan": 28105797908.0,
  "body_type_Pickup_Truck": 94757137788.0,
  "body_type_SUV_/_Crossover": 2449958503596.0,
  "body_type_Sedan": 908440209875.0,
  "body_type_Van": 0.0,
  "body_type_Wagon": 134525021084.0,
  "fuel_type_Diesel": 120178983224.0,
  "fuel_type_Flex_Fuel_Vehicle": 4708743480488.0,
  "fuel_type_Gasoline": 880036336360.0,
  "fuel_type_Hybrid": 0.0,
  "listing_color_BLUE": 3500987896.0,
  "listing_color_GRAY": 35531771724.0,
  "listing_color_RED": 56547896084.0,
  "listing_color_SILVER": 100539633864.0,
  "listing_color_WHITE": 128049571826.0,
  "transmission_CVT": 585046694246.0,
  "transmission_Dual_Clutch": 0.0,
  "transmission_M": 93131133440.0,
  "wheel_system_display_All-Wheel_Drive": 8192777518384.0,
  "wheel_system_display_Four-Wheel_Drive": 6453505833900.0,
  "wheel_system_display_Front-Wheel_Drive": 35616262683926.0,
  "wheel_system_display_Rear-Wheel_Drive": 532978619448.0,
  "State_FL": 1024200046336.0,
  "State_IL": 264066279216.0,
  "State_NY": 376264160104.0,
  "State_OH": 344408091988.0,
  "State_PA": 82288858216.0,
  "State_TX": 647656775708.0,
  "listed_date_yearMonth_2020-07": 37091590995.0,
  "listed_date_yearMonth_2020-08": 76208725064.20312,
  "listed_date_yearMonth_2020-09": 47612195974.0
}