depth,iterations,l2_leaf_reg,learning_rate,min_data_in_leaf,one_hot_max_size,loss,iteration
10,268,0.6048754674323772,0.19136095300609385,2,16,2483.3780105005185,3
9,243,0.9809105399603928,0.1435898198616081,8,15,2553.113248646942,5
6,302,0.419977446160683,0.20107736968585346,7,16,2636.408641911434,2
7,104,0.11381056696717652,0.2756248842486461,7,2,2726.347890106265,4
6,192,0.3262527785293697,0.0208084971279939,12,11,3791.595812940293,1
